"","AlignID","Factor","tmean","FoundIn","6_Extraction_blank_1_polar","12_QC_polar","13_QC_polar","23_QC_polar","35_QC_polar","44_QC_polar","45_QC_polar","14_Leaves_polar","15_Roots_polar","16_Stem_bark_polar","17_Leaves_2_polar","18_Roots_3_polar","19_Stem_bark_3_polar","20_Leaves_3_polar","21_Roots_1_polar","22_Stem_bark_polar","24_Leaves_polar","25_Roots_polar","26_Leaves_4_polar","27_Stem_bark_4_polar","29_Stem_bark_5_polar","30_Stem_bark_2_polar","31_Stem_bark_1_polar","32_Roots_polar","33_Leaves_polar","34_Stem_bark_polar","36_Leaves_1_polar","37_Roots_2_polar","38_Roots_4_polar","39_Leaves_5_polar","40_Roots_5_polar","41_Stem_bark_polar","42_Leaves_polar","43_Roots_polar"
"1",1,"Factor #1",37.5156,34,34.63296,1220,965,1369.041,1424.851,1307.111,1254.189,4080,90.91697,176.6088,3551,30.5346,174.4868,3312,29.83313,138.716,4100,81.92585,4411,100.4987,91.33732,113.6289,249.839,30.76769,3125,241.0408,3958,106.9682,41.98897,2971,47.78972,196.0588,4265.433,50.03396
"2",2,"Factor #2",37.576,34,284.5032,435.696,536.4922,579.6809,541.2766,470.1367,3.44323e-06,370.3596,278.4955,892.2864,463.5689,156.3631,1176.287,190.9227,118.047,1065,550.8701,390.8156,475.418,686.0791,1247.845,756.1231,918.8696,335.6637,500.5903,1165,420.5671,111.8514,566.4147,468.2537,229.807,1138,482.3561,372.1422
"3",3,"Factor #3",37.8599,34,14.46705,131.6502,272.6996,264.9339,419.6286,303.4554,299.0347,1305,50.71885,35.86065,1234,101.1562,84.67627,658.6169,77.54328,48.41281,1204,79.81875,819.9519,71.62434,2105.108,77.60853,109.061,36.87237,1050,48.64687,1468,65.67737,28.41462,956.9636,169.1235,132.6068,1118,97.97833
"4",4,"Factor #4",37.8803,34,66.20876,428.3648,282.4549,268.2341,183.4162,241.9233,283.3676,113.1001,694.0594,42.97741,178.0218,1368,155.1898,258.9275,63.96894,95.71565,220.9599,653.1281,118.6315,58.58492,7308.278,93.66867,88.31327,644.5029,82.09635,39.68509,337.4123,21.20147,71.75119,244.6476,1973,143.2787,264.5317,767.311
"5",6,"Factor #6",38.0072,34,48.66363,1270.267,1128,1193,1061,1063.279,1147.133,1023,106.7171,407.2229,996.1261,112.9623,998.1028,805.4052,69.30159,482.145,1002.572,145.9691,1163.514,210.8879,1228.271,316.5473,494.0703,67.23437,991.5536,488.1972,825.476,86.77713,64.13578,1268.614,86.36901,463.6811,1184.726,113.5396
"6",5,"Factor #5",38.01,34,117.3081,570.7123,670.137,756.7146,854.8969,1043.121,1187,997.9463,172.1073,282.2292,899.638,160.4007,397.5724,826.4543,147.1808,306.7093,1244,261.5403,1440,355.3586,451.5478,242.1477,337.1016,99.41634,1318,463.1868,1281,224.0586,124.7464,1704,266.2145,348.4751,2288,225.2049
"7",7,"Factor #7",38.234,34,70.73624,64913.38,671.8876,838.5883,671.5216,1.498987e-10,635.925,1080.63,301.7819,522.6881,724.7546,591.2197,416.7416,732.4181,292.6141,651.5155,987.7623,374.4829,2409,404.45,86200.47,489.8727,484.5674,453.736,946.6528,576.3611,704.3919,225.4074,251.2168,1088,595.3608,637.6602,1351.268,460.297
"8",8,"Factor #8",38.5265,34,30.59864,3331.086,2374,2637,2620,2800,2586,3069,2305,2230,2211,2075,2744,2114,1790,2229,3042,2448,3328,2122,1845.682,2436,2242,2288,2795,2645,2500,464.2878,1936,3189,3101,2437,3192,2576
"9",9,"Factor #9",38.6654,34,31.75154,2.859395e-08,101.5662,140.2325,466.2337,1113,864.385,104.8003,219.439,358.4009,62.51557,533.973,264.877,11.1556,83.4709,256.616,237.6534,403.5688,304.9709,165.4974,350.7713,114.2654,529.3169,607.5333,566.8812,149.573,250.8746,318.0408,1208.047,752.8212,979.2372,1232.634,346.9961,1009
"10",17,"Factor #17",38.7796,34,502.3893,666.857,1035.734,1516.22,1702.462,3256,3038.103,874.1914,1979.061,2176.261,972.8682,2253.797,2096.939,842.838,1386.702,1536.716,1153.057,2386.983,1748.001,1471.32,1494.918,711.2201,1536.099,2705.99,1839.952,1276.085,987.3881,1441.762,5309.663,3729.569,2967,4102.091,1826.905,2899
"11",11,"Factor #11",38.8199,34,1127.387,1977.404,2505.659,2568.328,2581.543,4215,3058.851,1510.095,3522.282,3446.581,1467.019,3219,2935.665,1260.877,1089,2435.258,1980.615,4066,2539.686,1890.504,1938,876.4762,1747,3246,2523,1442.977,1354.26,1781.319,7690,3905,6433,4128,1874,4978
"12",19,"Factor #19",38.8203,34,863.2855,1950.239,2468.362,2403.985,2428.431,3239.083,2732.023,1279.222,2783.861,3338.029,1709.67,2897.753,2835.349,1038.286,2048.211,2435.258,1731.793,3219.454,2050.754,1833.282,1858.509,1157,1747,2621.458,1962.433,1921,1224.586,1480.382,5900.832,3100.81,5034.355,3849.512,1541.234,3806.559
"13",18,"Factor #18",38.8209,34,1127.387,1977.404,2505.659,2568.328,2581.543,4146.756,3058.851,2143.103,3522.282,3446.581,2469,3533.685,2935.665,1930.462,1386.702,2435.258,2121,4051.264,2661,1890.504,2024.614,1027.702,1765.353,3194.106,2568.322,1626.348,2433.646,1761.947,7576.554,3936.718,6398.228,4179.47,2795.241,5091.654
"14",10,"Factor #10",38.8213,34,1109,1950.239,2513,2538.683,2748,4215,3234,1526.284,3552,3233,1527.794,3359,2990,1283.962,2710,2435.258,2017.388,4056,2492.261,1890.504,2068.618,897.563,1773.754,3246,2344,1451.102,1311.878,1893,7736,4047,6433,4013,1918.478,4978
"15",16,"Factor #16",38.8219,34,1127.387,1977.404,2505.659,2568.328,2581.543,4146.756,3058.851,1530.22,3522.282,3446.581,1500.997,3533.685,2935.665,1279.856,2710,2435.258,1997.703,4051.264,2539.686,1890.504,2068.618,897.2661,1773.754,3237.552,2349.05,1475.865,1366.187,1781.319,7749.605,4047,6433,4184.897,1913.884,4978
"16",13,"Factor #13",38.8229,34,1127.387,2024,2513,2579,2581.543,4144.73,3058.851,1594.289,3447.983,3233,1674.56,3533.685,2860.199,1315.101,2571.255,2409,2070.619,3940.555,2539.686,1950,1938,1125.016,1773.754,3194.106,2411.624,1844.606,1441.975,1769.794,6527.56,3983.918,6398.228,4184.897,1965.121,4849.414
"17",12,"Factor #12",38.8275,34,437.3014,1305.075,1523.899,1429.659,1455.546,1920.24,1581.036,2686,1452.533,1497.244,2433.632,1349.289,1281.676,2003,1077.936,1067.675,2826,1715.89,2520.529,859.4606,869.5974,426.9469,786.9342,1325.659,2493,700.4418,2671,751.6694,2492.285,2998.459,2711.793,1706.413,2502,2092.656
"18",21,"Factor #21",38.8324,34,1127.387,1915.239,2452.917,2538.683,2581.543,3843.872,2414.829,1496.236,3361.416,3166.898,1359,3338.658,2659.183,1208.085,2612.367,2407.886,1969.183,3854.292,2213.197,1890.504,2024.614,871.8661,1694.854,3214.812,2273.569,1434.314,1340.727,1761.947,7003.54,3905.691,4441,3856.176,1398.154,4876.78
"19",14,"Factor #14",38.8404,34,1127.387,1977.404,2505.659,2568.328,2581.543,3762.29,631.5346,1496.236,3512.441,1339,1453.752,3533.685,2935.665,1250.561,2612.367,2435.258,1971.16,3940.555,2547,1890.504,2068.618,873.1208,1491.101,3192.076,2312.639,1437.251,1340.727,1130,6527.56,3817.945,6433,2866,1866.004,4128.491
"20",20,"Factor #20",38.9087,34,1004.106,1488.893,1846.825,1936.758,1490.167,1805.433,965.4369,736.358,2713.856,1154.043,278.9564,1272,1703.281,706.1816,1406.94,1624.804,1324.127,2168.385,829.9114,521.6376,1628.902,303.2359,1204.373,1187.067,904.4099,262.995,665.3588,762.6141,5177.623,1604.002,2845.647,1513.264,307.128,2066
"21",15,"Factor #15",38.9879,34,91.44189,306.6122,558.9986,364.4872,656.8816,932.7641,160.6636,426.3591,1178.289,794.8954,288.6468,1227,397.5019,60.53318,697.2297,498.5507,915.1645,1114.821,599.6057,233.0568,2481,33.84752,1077.316,1025.469,708.0111,256.5544,849.5633,445.129,2801.377,390.3427,1291.407,559.4926,116.5928,1310
"22",22,"Factor #22",39.0043,34,209.7291,325.3058,378.9999,389.669,699.1505,549.1876,255.1269,437.0161,863.9861,794.8954,168.7735,938.5794,397.5019,219.2868,644.6307,656.1513,920.1236,1038.869,614.2048,166.4972,1944.983,162.642,1318.567,1182,791.324,308.8697,758.8543,493.6541,1121,562.4562,833.665,632.6937,141.8285,1122.347
"23",23,"Factor #23",39.0316,34,163.9116,1279.266,1042.031,1019.263,1073.084,925.4663,1015,1039.398,274.673,1941,892.2489,168.5091,1489,996.7473,168.6817,1926,1064.303,292.6714,597.4571,448.8935,2126.665,1552,3682,376.8872,971.7717,2038,1520,335.513,352.1164,836.0359,174.667,2390,1007.161,323.4291
"24",24,"Factor #24",39.0393,34,90.31411,286.8364,189.4491,181.4939,268.8133,144.5386,179.5869,295.6945,138.8013,404.0409,150.3998,395.0245,285.8645,134.985,399.0077,426.7576,720.1561,213.6333,338.2716,284.9316,2605.684,346.6298,1662,609.6601,389.0914,373.5158,665.157,165.2131,210.7144,197.181,216.7249,401.7829,171.0966,1124
"25",25,"Factor #25",39.1963,34,150.4648,922.9923,1049.852,990.3677,1079.524,657.05,727.0804,802.5209,596.8596,2169.346,652.976,1044.23,2460,791.3582,377.2218,2289,428.7184,595.3603,199.8293,1823,2722.209,1806,2274,652.2328,696.8362,2371,499.287,214.6795,343.3726,567.5773,1206.25,2315,346.0251,516.2151
"26",27,"Factor #27",39.2351,34,308.7355,1659.543,1389.657,1324.539,992.4476,1248.251,776.4801,1592.742,1149,1263.645,1328.423,1886.624,1406.032,1327.46,1240.811,1167.195,1656.852,1042.509,1308.636,1163.63,1226.166,1082.891,1305.485,1089,1380.688,849.2354,1290.867,369.8157,486.614,1064.004,2122.821,1143.009,1389.446,456.8715
"27",26,"Factor #26",39.2369,34,58.90984,1698,1588,1396,1170,1288,1063.943,2004,1281.785,1328,1569,1880,1497.157,1390,453.4897,1203.452,1613,1196.584,1698,820.4407,1025.476,1162.474,1371,1088.924,1573,818.1004,1289,265.4587,628.7055,1596,2143,1147.1,1459,1032.119
"28",28,"Factor #28",39.5388,34,18.53785,381.9377,250.4634,312.7832,235.1177,514.6815,621.3545,194.7779,51.60901,919.4377,162.3093,387.5267,672.469,117.3939,35.91493,821.7896,150.7342,26.92097,145.0047,423.0975,1379,681.7591,1543,34.43447,205.3128,1186,260.5296,108.8699,48.63562,210.7196,409.7555,1111,135.1396,1024.065
"29",29,"Factor #29",39.5541,34,34.73954,11.23424,31.31506,21.38697,15.26967,1162.116,1909.514,16.56463,70.74517,33.49013,17.60011,1631.182,14.94408,193.478,590.7152,22.48738,24.54861,45.49618,8.241756,599.7238,41.51989,232.8,461.1916,420.8396,140.3661,1772.958,23.51754,518.0564,8.46325,6.753147,1553,891.7961,321.113,1639
"30",46,"Factor #46",39.6809,34,363.5116,313.2917,1323.371,1402,2363.548,2380.735,3573.763,2030.649,3644.636,695.9888,3269.937,7934.188,1802.813,3745.033,1739,887.9291,2820.25,4899.584,2126.223,4735.345,192.6704,2890.442,2961.909,2827.445,2398,7040.638,3146.989,4734.416,1569.908,667.5481,6044.108,2443.134,3748.924,6937.358
"31",41,"Factor #41",39.695,34,399.4944,313.2917,1877.679,2982.931,2229.044,2427,3573.763,2165.378,3950.26,647.6153,3501.066,8712.926,2462.464,4300.98,4684.66,872.0909,3143.097,4621.864,1877.227,6091.587,528.853,3170.083,3623.984,3177,2619.357,7321.449,3206.406,6623.957,1626,681.5329,7416.564,2822.013,3356.095,7882
"32",31,"Factor #31",39.7043,34,950.2699,313.2917,1857.626,3160,3214.282,2380.735,3712,2176,3602,1104.857,3452,6982,2159,4802,5079.617,1084.206,3118,4929,2243,6455.077,446.5464,3289,3711.786,2929,2705,7382.627,3192,7232,1843,717.8766,8949,2485,3691,7882
"33",52,"Factor #52",39.7419,34,170.6089,5895,5950,5874.734,5541,5519,5792,775.4636,915.2723,19870,1134.466,1430.998,32674,1172.758,963.3064,19413,833.8353,980.4462,812.9495,16970.26,13878,17451,15615,967.1305,829.8503,20873.2,894.1866,990.5978,279.4423,632.9206,1125.938,21902,973.8699,1042.162
"34",39,"Factor #39",39.755,34,2305.164,532.6042,2605.23,4000.144,4514.104,2010.714,3283.525,3039,7850.136,1897.488,3589,11515.1,1933.596,4802,6215.338,1386.448,4340.612,6876.53,2150.266,7713.596,990.3297,7010,4117.802,3637.904,2046,7647.854,3223,7957.512,1744,1117.193,9236,3034.042,4414,6903
"35",48,"Factor #48",39.7562,34,1787.55,313.2917,2421.914,3508.741,4217.162,1078.454,3218.012,3084.006,7450.325,1493.286,3714.1,11384.28,2147.735,4379.644,5661.226,1794.535,3965.998,7794.169,2140.853,6348.278,569.331,4112.283,3750.986,3492.145,2385,7605.893,3431.941,7546.668,1677.862,901.6924,9236,2366.93,5047.022,6520.977
"36",49,"Factor #49",39.7569,34,2761.144,2188.259,2824.563,4295.026,4738.303,1740.676,3121.726,2933.35,4362.249,4953.037,4574,10356.78,12106.55,4471.456,5145.613,6908.168,3143.097,5196.845,1886.745,7852.656,4040.992,6077.655,9923,6362.998,2048.62,10490.65,3414.715,6584.911,1031.298,950.743,7218.991,4253.376,6213.817,6786.563
"37",51,"Factor #51",39.7862,34,3070.966,249.1389,3161.88,4295.026,4514.104,712.6915,2174.799,4202.516,7116.257,1870.753,3749.009,10356.78,3515.149,4344.874,5407.303,2122.278,3963.88,7103.25,2082,7852.656,1141.804,4494.177,3971.649,3472.429,2228.296,7648.051,3371.904,7221.935,1771,1165.734,7134.851,2834.054,5155.378,3688.293
"38",32,"Factor #32",39.7916,34,1968,140.6966,3380.019,3962,5089.623,847.1234,2177.225,4071,9614,2104,3899.866,11869,3780,4471.456,6669,2561,3997,10456,1985,8196,689.3388,4055.472,3898.119,3582.392,2199,7925,3416,8359,1744,1165.734,7488.224,2349,5396.773,6583.793
"39",40,"Factor #40",39.8141,34,4449,108.1704,3624,5101.884,5396.352,474.0319,2.390368e-09,4070,9238.275,1952,4049.535,11869,2123.977,4810.785,5811,2592,4376.973,9382.244,1988.93,8196,650.2831,4722.813,4400.819,3522.922,2187.607,7614.066,3363.186,8429.293,1634,1165.734,4227.289,1792.505,6275,5659.232
"40",36,"Factor #36",39.8176,34,3775.112,1934.529,3161.88,5397,6412.427,168.699,1443.14,3657.911,1399.871,6125.878,7115,10725.36,233.143,7966,5066.796,5955.662,3666.867,6768.851,1879.936,7729.551,2386.194,5891,8648,9782.386,2061.539,6678.636,2593.141,7134.714,730.3506,1081.889,913.6907,37.67688,7022,2245.35
"41",44,"Factor #44",39.8694,34,4449,226.9918,3396.969,4932.057,5247.183,6.334614e-09,1.756054e-09,4203.4,8921.711,1870.753,3778.91,7794.583,515.04,4471.191,5204,2313,4041.306,9342.153,1954.324,5384,218.9014,4385.218,3724.583,3279.021,305.1768,6502.537,3232.255,7410.724,1393.095,1157.228,5185.3,2.537944e-10,4559.738,1676.572
"42",45,"Factor #45",39.9038,34,3438.211,71.31096,2433.119,5507.546,7155.07,191.5563,1429.992,2992,6659.771,866.1752,2137.081,4276.061,1126.438,8552.06,2290.164,831.8365,3294.078,5095.102,587.6279,4237.015,151.9971,6808.341,9538.491,8754.554,1058,1185,1114.778,3271.385,641.9068,722.9311,1201.284,597.5777,7827.059,1520
"43",33,"Factor #33",39.9506,34,3228.619,64.45718,2829.235,12825.99,14679.89,300.7283,2143.715,3379.542,767.8993,144.3975,14184,1284.874,258.5951,15082,1795.763,325.8585,3761.109,1141.997,496.083,274.5758,198.6932,10408,15609,14605,952.9121,700.0301,4185,965.8839,455.5521,432.3365,437.8468,156.2485,13177,1020.24
"44",37,"Factor #37",39.9588,34,3274.773,102.3014,2829.235,13333.66,14987.32,267.7228,1913.948,3421.691,1394.511,272.9165,13169,2028.722,293.8447,14926.62,1735.303,297.2961,3697,1703.215,386.4284,482.3627,149.5716,11283.93,15609,14856,836.4836,716.2176,3954,938.1948,404.1374,392.8281,2681.909,123.8292,14012.12,1092.693
"45",30,"Factor #30",39.9613,34,3274.773,116.4114,3025,13910.05,14987.32,299.0149,1908.491,3427.254,603.6486,133.7835,14184,1206.498,258.5951,15082,1590.519,344.9097,3715,1026.02,582.8213,244.8205,237.005,10408,15609,14856,1029.947,682.9421,3954,1064.02,470.0342,452.6895,345.5338,208.8442,14195,1020.24
"46",42,"Factor #42",39.9871,34,3586,1062.88,3036,14074.81,14893.2,716.3479,473.6731,3452,4774.219,578.943,12665.55,5949,475.411,13663.84,1349,515.8335,3716,4710.031,1028.152,1304.791,425.7528,10049.88,14258.58,13417.66,1045.861,489.578,4057.122,1563.431,381.8196,1296.275,9060.057,277.467,13462.73,1904.59
"47",53,"Factor #53",39.9887,34,3228.619,2333.482,2769.282,3831.682,4895.038,1256,1269,3264.673,5259.463,735.7699,2825.637,6096.488,638.4643,2812.404,1028.812,672.7689,2721.618,5472.997,1284.579,2778.747,408.6491,1730.669,2732.001,3606.354,1005.185,364.5816,2369.694,1578.848,317.0973,1296.275,8537.409,663.9696,3271.108,2907.55
"48",38,"Factor #38",39.99,34,3271.055,2338,2606.285,3777.623,4629.134,1241.31,1208.296,2728.253,5579,735.7699,2513.387,6251,472.7546,2625.637,1795.763,572.6288,2328.857,6255,948.2173,1621.681,425.7528,1404.033,2566.507,3474.141,1045.861,300.5724,1631.746,2359,194.535,1314.95,10651,299.9002,2992.507,2896
"49",50,"Factor #50",39.9901,34,2692.409,2333.482,2606.691,3837.431,4680.534,1241.31,523.832,2728.974,5259.463,735.7699,2670.733,6096.488,467.6968,2721.484,1373.316,572.6288,2327.855,6255,671.3016,1177.254,408.8998,1671.35,2441.919,3437.821,864.7848,304.5983,1593.809,2080,160.3468,1101.386,9399.292,176.6044,3070.757,3043.819
"50",43,"Factor #43",40.005,34,3832,362.2832,2829.235,14039,15465.98,249.4223,1584.56,3435.162,1391.934,251.6881,14283.66,1866.141,306.1035,14926.62,1576.654,340.8997,3716,1567.298,319.8378,303.5481,291.5757,10937.42,15524.62,14319.51,956.8441,450.7412,4027.923,1050.956,462.684,416.0691,2316.397,125.7276,13950.98,690.968
"51",35,"Factor #35",40.0184,34,4027.534,186.3308,3107,14002,15185,99.66136,1636.161,3424,581.8928,198.8353,14204,849.9173,233.7812,14924.45,1131.084,412.4635,3530,784.7336,310.8662,295.8842,250.1456,11042.82,15045.13,14557.52,918.4165,400.1245,4076.185,839.516,431.2621,430.0745,322.8736,204.9634,14012.12,637.5333
"52",34,"Factor #34",40.046,34,4267,232.9379,3105,14039,15401,105.0608,1046.335,3424,664.5704,276.7207,13495.42,973.8456,253.8102,10717.47,1352.748,412.4635,3530,864.1357,308.8054,295.8842,360.4882,9788.484,14618.74,12546.44,709.9012,376.6323,3705.339,938.1877,448.8748,398.9521,257.679,103.0101,13139.39,617.4409
"53",47,"Factor #47",40.1013,34,4403,216.0169,2840.873,8457.223,12521.62,3.770727e-10,4.140445e-09,2850.255,464.3387,319.1751,5062,561.5913,196.2322,9198.671,647.8404,182.7165,2743.756,616.7281,329.4331,442.6639,360.4882,3160,8463.176,7673.626,279.3465,3.218146e-09,2215.664,7.462527e-12,264.6752,334.4646,242.4089,9.606859e-10,4122.577,2.312356e-09
"54",54,"Factor #54",40.1401,34,4146.036,109.026,2426.046,5758.351,6947,8.581248,5.869842e-10,2179,9.394234e-10,38.72707,3616.482,232.7798,5.438872,5518,29.51559,6.567633,2743.805,244.6185,122.1247,1.456346e-08,143.674,1877,4609.081,2090,6.255005e-10,1.395157e-09,2013.153,297.7848,60.54712,6.865843,1.001111e-09,9.271705,3304,1.840956e-09
"55",55,"Factor #55",40.2756,33,1326.77,61.03692,229.1792,1185,1726,38.85898,22.0391,9.118971e-09,29.77624,33.33857,1159.609,27.96532,23.63789,0,41.46228,43.64277,31.07023,9.609772e-09,26.09394,44.11728,35.88294,9.070672e-09,278.7235,5.237988e-08,22.25002,47.93245,20.6056,29.69924,56.00798,48.32069,31.32653,53.81215,887.8458,107.9647
"56",56,"Factor #56",40.5219,34,273.2097,271.4352,279.9822,376.7637,385.6405,470.9087,263.134,1823,147.81,326.9741,1881,102.9687,411.2835,1497,155.3014,234.6255,1841,173.0116,1254,236.1072,349.8904,339.8058,413.6427,211.8746,1672,584.4646,1839,273.8138,164.8148,1340,138.7729,394.5426,1162,255.0578
"57",57,"Factor #57",40.6266,34,653.6055,799.3931,742.0173,2005,1774,1579,1474,652.5066,842.1579,1014,1286,1181,1991,2021,1983,1531,1379,1504,1209,1382,1587,1388,1739,1533,1432,1255,1387,1329,1194,1190,1286,1609,1671,1526
"58",60,"Factor #60",40.7685,34,328.3786,4976.339,4469.548,4796.846,4495,4058.998,2626,2220.542,4497.022,4968.457,2153.391,6942,5445.728,1931.828,1380,5397.587,1935.017,4507.075,2209.726,2847.09,4472.627,4851.954,3725.469,5689.525,2132.277,4645.072,922.5777,1175.608,3424.107,1343.625,7575.489,5289.709,1830.547,5024
"59",59,"Factor #59",40.7687,34,160.3599,4783.922,4732.529,5268.002,4495,3830.324,4039.874,1526,5082,5824.042,2320.258,8534.371,4953.56,1794,894.1954,5844.26,1795.568,5203.648,1953.605,3178.189,4941.783,5183.492,4293.639,5555,1313,4726.046,1041.33,1184.25,3934.112,1703.784,7655,6047.377,1788.901,5100.882
"60",58,"Factor #58",40.7694,34,180.4599,5878,5876,5252,2381,4096,4062,2437,5346,5897,2338,8255,6452,2105,1235.03,5953,2071,5262,2377,3415,4989,5356,4097,6113,2112,5081,956.3748,1180,3850,1734,10580,6113,2004,5132
"61",61,"Factor #61",40.8176,34,17.28568,4149.763,2376.59,1977.273,3283.23,1533.511,957.324,1959.494,3983.475,2050.853,1218.078,1433,2878.934,1483,255.9532,3250.466,1411.173,1995.534,1915.307,3110.268,2187.493,2489.612,1309.811,3967.723,1011.099,2891.841,877.8091,557.0502,3106.884,1639.559,3816,2253.827,1391.308,1925.871
"62",68,"Factor #68",40.8909,34,153.634,5198.453,5314.591,5086.896,4959.63,1974,4213.681,5738.131,146.1036,5185.591,8023.28,150.3086,7564,4640.687,158.9764,4388.781,7105.491,152.8544,9252.6,2957.571,2701.173,3555.863,3857.6,43.75225,8376.916,4021.534,4360.8,34.81261,69.52867,6412.027,406.8513,4569.703,7027.311,213.6023
"63",62,"Factor #62",40.9068,34,127.189,5123,5116,4783,4627,3553,3867,7119,150.6265,4897,7030,138.339,7564,5634,157.7282,4166,8191,152.8544,8060,2801,2655,3398,3595,55.44442,8525,5491,6041,55.62267,50.59759,6452,106.4793,4174,5949,78.5888
"64",64,"Factor #64",40.9247,34,127.189,4508.04,5116,4188.647,4959.63,3787.285,3923.221,6196,150.6265,5131.451,5412,124.1994,7785.058,6063.034,35.53276,4220.824,7513.753,153.0483,8055.709,2801.08,2701.173,3514.125,3687.12,57.58453,7700.119,4921.879,5673.575,74.47003,35.8947,4509,106.7111,4288.22,7027.311,81.9578
"65",63,"Factor #63",40.9451,34,114.3531,5053,3895,4711,2230,1849,2378,4776,150.7609,3158,5412,130.974,6557,4040,47.15351,2357,6644,153.1644,8060,2957.571,1014,3566.748,2339,61.27035,6460,3864,4486,87.9416,35.50394,4271,107.8967,4520.316,3009,88.31712
"66",66,"Factor #66",41.0154,34,46.34956,1513.693,1857.032,1340,2198.255,1652.334,1404.683,1924,125.3649,1227,2452.378,102.2756,2561,2175.175,107.9851,1024,2760.756,57.55955,2702,1551.851,1165.078,1465.343,2345.482,394.5849,3568.929,1115.275,2637.593,70.37785,48.19124,1675,95.86933,2241.029,1515,653.9808
"67",67,"Factor #67",41.041,34,87.78039,1390.545,1619.956,1459.639,1515.542,942.2562,1153.001,1253,415.2402,1293.075,1165,111.0675,1510,1814.635,110.2892,929.7178,1388,1833.96,2992.272,653.7226,492.2869,817.8495,697.6923,1849.022,2786.775,1251.079,1118,8.12238,91.71498,1925.362,78.31327,1468.09,2593.434,1859.635
"68",65,"Factor #65",41.0534,34,90.90418,1241.178,1083,984.0338,1476,1380,1705,561.7122,1055,584.1601,498.15,325.3824,362.0383,651.9456,76.38768,937.8759,1316.622,4913,435.879,175.9849,340.5907,99.39023,309.3492,4697,1744.769,1660,347.8745,78.19524,119.5292,715.6272,105.1085,2450,1977.728,6089
"69",71,"Factor #71",41.2401,34,42.90462,182.5944,89.24438,272.8181,295.4237,598.3107,1135,169.1029,333.2691,315.8849,1179.936,70.15276,269.6686,351.0371,149.4114,252.0457,299.0459,153.4726,202.9279,1385.618,210.4807,229.2543,156.7551,342.6551,377.252,949.5917,330.0249,158.5882,349.529,462.8719,2863,433.9665,1415,601.6634
"70",70,"Factor #70",41.2949,34,360.2829,736.752,635.9073,813.9513,558.5768,694.8248,1560.899,751.788,841.2207,635.4021,1689,682.4295,468.0737,691.0764,753.6592,669.916,754.7908,653.7408,584.5114,1271,411.0062,397.555,265.9064,400.1856,659.7369,1139.463,470.4861,423.5295,733.9695,773.1334,3949,557.7346,1996.563,637.1528
"71",69,"Factor #69",41.2988,34,360.2829,736.752,662.1379,813.9513,658.9772,800.6629,1117,751.788,841.2207,729.7354,1791,682.4295,779.0321,691.0764,668.069,797.4304,809.0085,591.1095,634.8765,1561,567.6749,516.0146,406.9726,387.3282,728.234,1152.143,561.8791,457.3345,733.9695,773.1334,3949,699.6396,1697,637.1528
"72",72,"Factor #72",41.3049,34,79.0698,589.9976,664.991,713.3122,724.2838,822.6363,920.7591,728.1586,320.5947,798.6489,824.7132,577.3354,1434,619.0875,520.0598,902.7736,849.9479,585.7501,761.1233,1351.717,859.6715,926.7427,657.9816,411.7958,841.22,1184,810.5358,533.448,456.5972,738.544,968.3671,1051,705.4465,489.0112
"73",75,"Factor #75",41.4371,34,145.6542,13600.61,16364.04,23681.16,23165.14,22889.51,20470.28,10445.11,25030.91,2647.222,8930.399,30405.64,3309.897,1911,857.5215,3624,10309.47,36505.61,3008.304,2606.724,4065,4704.357,3840,40434.08,8459.225,5586.35,8750.056,1210.348,1539.866,10703.87,70799.03,4054.033,6745.827,41006.1
"74",73,"Factor #73",41.4387,34,1560,1425.95,2193.024,825.394,2631.095,2768.921,2766.516,1273.344,4098.277,2168.656,1514.333,2070.792,797.58,1213.59,1140.787,1487.28,1275.465,3236.602,878.2269,1392,1680.721,1646.937,1940.73,4153.964,1040.182,1582.859,1009.825,505.1188,235.0528,500.599,12449.79,2134.234,511.2372,4170.01
"75",74,"Factor #74",41.4596,34,47.87608,24849,25352,24113,24162,24155,23640,11286,37933,16654,8930,67385,26182,9415,1013.26,17844,10438,42040,10956,11412,13494,14617,17205,39764,9853,16673,8789,1608.65,1621.997,11282,131780,20529,11080,43762
"76",76,"Factor #76",41.5096,34,70.22906,871.345,1570.425,1604.532,1607.844,1295.231,1236.435,925.3133,1501.535,2734,1072.616,2030.618,1865,805,234.0196,2871.625,940.0512,1675.128,843.6748,1784.72,2306.14,3564.823,3169.148,1609.545,925.6939,2154.85,1292.567,382.7179,992.5758,614.9644,4503.819,2646.1,941.2,1069.667
"77",78,"Factor #78",41.5559,34,728.2924,4741,5712.015,6221,6543.551,6377.976,6258.705,3309,1852.09,11026.8,2938,1599.764,9295.097,3172,2305.021,10990.36,3362,3052.553,1610.647,5714.384,12092.95,9361.447,11302.3,4589.492,3036.155,12264.76,5768.331,2492.633,2465,2629,2059.12,13557.89,3698.561,2504.612
"78",80,"Factor #80",41.5622,34,804.7232,3673.805,5540.027,6086.187,5720.483,4934.044,5422.644,2127.492,2060,4877.182,2526.573,3214.188,7402.341,2734.518,2564.144,8505.967,3378.849,3385,1061.983,7714.214,12786.83,8366.491,12071.22,4229.43,3049.104,11438.97,3363.366,2142.435,2231.349,2142.133,1543.504,12414.78,2162.099,2601.869
"79",79,"Factor #79",41.5634,34,665.0496,5610.547,6195.757,6849.281,6543.551,6466.671,6570.586,2127.492,4102.628,11800.19,2952.329,2826,10828.1,2843.779,2564.144,12917.17,3397.211,5753.93,1855.085,9148.786,11312.7,11138.75,12171.55,5016,3049.104,12781.77,3927.69,2538.733,2465.111,2322.762,4242.977,14527.83,3722.169,2505
"80",77,"Factor #77",41.5665,34,659.5207,5661,6255,7500,6738,6652,6571,2222.009,2373.338,12167,2952.329,4024.21,10758,2948,2564,13206,3249.634,3385.987,1909,9149,12787,11211,12172,5016,3100,12782,4056.047,2487,1467,2216.878,2531.998,14528,3617,3277.819
"81",81,"Factor #81",41.5868,34,646.2551,1765.184,1566.895,2512.126,2006,1746.622,1826,925.2208,2373.338,4714.436,1718.975,3865.039,3914.136,1717.441,2067.382,5328.247,3397.211,3052.553,648.155,3862.498,5332.772,5113.487,3630.78,4922.815,2923.385,5921.323,3927.69,2142.435,2231.349,1385.05,2513.609,5843.319,2577.514,2211.238
"82",82,"Factor #82",41.6318,34,91.05537,1520,1372,1471.919,1443.436,1401,1437,91.77425,216.383,7019,119.249,289.2984,7572,51.79389,254.4444,7253,108.5407,30.92321,92.22393,6170,5480,6090,4707,200.3435,96.38387,7357,194.8529,116.8922,28.6147,24.64604,77.69423,7323,109.1522,86.36497
"83",83,"Factor #83",41.7168,34,188.753,825.8133,937.0445,920.4873,836.8817,959.2397,854.9216,2812,292.681,1415,2803,273.4438,2440,2027,316.4222,1361,3197,306.2155,2739,1195,1119,1166.375,1188,228.8924,2918,1466,2884,339.7989,185.6809,2832,426.7542,1435,2682,357.1605
"84",84,"Factor #84",41.7822,34,4.840546,66.79785,72.18602,272.6928,398.3727,489.4371,774.8365,221.8003,87.67994,393.2281,239.703,210.4894,392.6827,412.3719,12.71451,466.2508,321.1786,172.9673,197.4729,462.753,546.6641,1244,885.0399,124.9779,371.5411,631.3474,46.07906,18.70672,114.0768,207.746,366.7907,1150,562.6273,355.8281
"85",85,"Factor #85",41.8019,34,633.2561,328.4183,606.2741,754.7618,103.8682,97.87064,239.9039,784.9082,196.2762,472.6575,680.2294,214.9762,363.1432,1438,299.1537,289.6354,1380,24.73203,734.3363,707.0776,373.4409,130.4094,101.0245,489.9977,471.4212,90.57787,136.9437,4.079448,177.9469,607.334,215.131,40.38556,688.0359,529.2
"86",90,"Factor #90",41.9544,34,23.63952,32834.39,30438.07,29938,29403.7,30682.67,30998.24,71203.52,278.9954,21044.72,68384.08,276.3577,33824.49,75044.33,392.9501,21368.71,73367,359.062,81419.47,15315.29,11336.5,20726.66,21492.84,224.9649,73208.86,23434.82,61605.33,365.7561,182.9746,62080.85,333.4171,20647,74625.29,348.1826
"87",91,"Factor #91",41.9551,34,130.8482,138507.7,128889.2,126370,118507.9,125376.7,126637.1,285200.2,964.3496,90593.97,271318.4,1864.028,136766.8,289606.4,384.5714,89982,284234.1,1086.27,320664.7,64077.28,49619.99,82889.97,89478,691.654,289035.6,92789.55,236753.6,715.1279,227.1199,243037.8,2107.103,90459.77,284587.5,1208.841
"88",88,"Factor #88",41.9556,34,368.6082,365936.8,343638.1,340471.5,329167.4,340356.1,343586.3,796973.7,2835.315,242486.2,763032.1,4607.193,372673.9,813581.2,1393.169,238128.9,813993.7,2520.794,912903,171590.8,132633,227287,242978.8,1815.552,818606.5,257101.1,682471.8,1502.421,356.2377,684009.7,5944.816,241863.7,803362.6,2955.095
"89",86,"Factor #86",41.9559,34,368.6082,365377,343048,339976,328650,339968,343061,794990,2716,242156,761326,4196,372046,811680,1393.169,237965,812079,2584,910809,171319,132633,227287,242587,1799,816996,256715,681045,1373,419.0676,682593,5458,241475,801532,2690
"90",87,"Factor #87",41.956,34,368.6082,365936.8,343638.1,339976,329167.4,339968,343061,796973.7,2835.315,242156,763032.1,4607.193,372673.9,813581.2,1393.169,238128.9,813993.7,2520.794,912903,171319,132633,227287,242587,1815.552,818606.5,256715,682471.8,1502.421,377.4721,684009.7,5292,241863.7,801532,2955.095
"91",89,"Factor #89",41.9656,34,368.6082,365936.8,343638.1,340471.5,329167.4,13917.37,311403.5,794990,2835.315,242486.2,763032.1,4455.894,372673.9,811680,1293,238128.9,812079,2520.794,912903,171590.8,17156.04,227528.5,242978.8,1815.552,818606.5,257101.1,682471.8,1166,418.6739,684009.7,5440.428,241863.7,803362.6,2955.095
"92",93,"Factor #93",42.1646,34,102.6342,28379.9,27215.3,26323.16,24642.01,18484.43,19577.8,65876.03,71.76885,20920.64,56770.56,236.7371,34383.07,60966.25,4.565231,10935,62940.19,2.401806e-08,67067.75,12792.93,9030,14345,20823.25,100.4713,53254.57,19428.7,43430.07,7.677129,89.1723,41872.31,376.6832,18640.23,52780.37,6.392473e-10
"93",92,"Factor #92",42.2175,34,352.3343,8993.427,8541.339,9295.879,12825,6430,8283,19118.7,1273.358,10987.78,20451,100.6443,10483.8,23389.37,3240.384,10223.97,18854.65,841.9819,35260.87,7857.506,3750.727,7065.888,8602.35,4217.261,16862.72,8359.9,19061.52,167.8544,77.75276,27115.52,193.571,7490.321,17232.99,7159.374
"94",95,"Factor #95",42.221,34,1148.604,99.87999,1349.59,3485.03,1553.184,591.6731,1901.659,2791.407,1042,1073.642,1881.801,2564,1487.222,5089.116,4574.821,66.29778,592.7239,1553.198,1093.808,3043.12,204.2359,1991.04,9814.485,12884.9,334.1953,12260.87,4208.598,598.7254,210.9345,2977.807,8062.466,4865.048,1444.089,14244.41
"95",94,"Factor #94",42.2706,34,1080.012,5950.268,7278.196,9058.574,7244.427,7125.226,8271.823,15094.12,2329.885,6034.862,19005.72,4031.706,9659.967,17612.66,3099.538,5001.541,16219.95,2383.252,14638.5,4041.225,3241,7189.034,7588.715,2894.305,12296,7588.039,12904.59,1408.294,32.27329,14064.76,1931.519,6989.363,15656.48,3662.164
"96",103,"Factor #103",42.3721,34,30040.6,87431.08,106891,97511.15,101658.9,86551.01,91732.91,233997.8,52053,50588.33,216814.5,36185.81,50844.12,186159.8,51958.23,33588.43,231749.7,49074.75,212109.8,42904.16,33781.69,30782.2,89368.41,45412.83,226783.8,59710.1,278458.1,55597.17,33296.1,203979.9,34925.37,41767.76,232057.4,45404.94
"97",99,"Factor #99",42.3734,34,29611.39,85791.34,115094,97734.63,114685,86262.55,93950.54,215076,52053,58871.25,210907.7,36384,62113.36,181377.7,51958.23,58934.24,225272.9,50385,205934.4,50878.32,53344.63,45298.29,93198.28,45412.83,220315.3,119129,270515.4,51074,32348.51,195718,34925,69008.62,225652.2,45405
"98",100,"Factor #100",42.3737,34,30040.6,116518.4,132630.3,143963.9,139253.6,152345.2,152124.9,218216.3,52053,218521.6,202114,36384,230663.6,174673.5,51694.31,248690.6,215605.9,47151.45,196607.9,243239.3,255479.5,236592.4,229861.4,41334.09,210463.1,242263.8,258423,52673.26,30953.9,190307.8,34407,284168.6,216191.2,44424
"99",101,"Factor #101",42.374,34,30040.6,82591.22,101203.3,94520.98,96806.76,82395.22,90237.69,215217,52100.35,52582.61,199230.6,36185.81,55390.94,171844,51958.23,51009.49,212473.1,49074.75,193633,46955.56,44244.76,40428.03,87805.36,44909.31,208295,61878.29,254794.5,52046.61,30450.85,187829.3,33141.39,60129.92,212866,44035.94
"100",98,"Factor #98",42.3744,34,29688,173761.3,189550.2,196867.6,197772.6,209425.3,110078,271356,52100.35,268761.5,253011,35901.35,284364.5,211665,52335,304770,273092,49074.75,258443,294209.3,311558.3,314182.4,291574.5,44589,272317,296788,332748,57453,40042,236382,34821,348467.4,273721,45404.94
"101",96,"Factor #96",42.3769,34,13660.99,476685,497158,647919,579856,736548,709152,52859.08,11093.61,1449831,39770.99,13358.83,1511093,88629.78,17131,1712031,63126.22,16956.63,69967,1567808,1830212,1774219,1278378,42804.96,55716.03,1495882,54634.4,18961.19,13193.64,42685.52,10617.6,1759052,88110.99,18061.64
"102",97,"Factor #97",42.3775,34,13628.66,491881.4,518632.1,648096.7,580084.1,736848.8,709152,49691.2,10741.26,1450449,36095.14,13329.8,1511682,87448.32,16882.49,1713007,60695.91,16734.01,68158.31,1567840,1831252,1774502,1278378,42729.28,53445.15,1496755,51337.18,18621.47,12901.28,40241.07,10371.52,1759658,86624.76,17867.53
"103",102,"Factor #102",42.4618,34,9898.312,6320.907,8424.371,11943.97,10890.73,1257.098,8294.448,12087.48,11025.21,43423.98,11035.55,6542,53337.25,6024.667,10875.85,55248.32,9342.109,14560.84,7352.164,8441.938,79148.64,33150.82,18697.81,7265,14800.53,31522.95,17687.2,8406.023,1635.125,16665.54,8229.101,44276.51,9955.317,8368.091
"104",104,"Factor #104",42.5276,34,567.1428,8112,25869.39,36371.6,25036.42,11728,19796.03,4379.77,204.9772,77714.22,2902.931,225.8253,60577.67,2091.689,237.301,109513.8,5247.095,495.4074,4269.871,74172.83,79566.59,75066.77,56644.83,700.5698,626.6579,56823.48,1327.928,315.5349,233.6055,2532.833,244.8541,59660.33,3664.792,745.9454
"105",105,"Factor #105",42.6197,34,170.0467,5600.465,3579.614,5362,5809.752,6953.644,5447.528,56.4921,168.2045,9150,346.8008,286.3685,12110,271.33,92.46324,17746.65,667.6886,324.0006,565.1789,9870,8515,9177,10280,708.8281,144.5377,10011,663.9617,246.0916,126.2835,154.907,28.87888,15288,72.16994,211.8246
"106",107,"Factor #107",42.621,34,169.0972,5840.995,5598.478,9296.26,8499.041,5899.943,7370.636,52.75719,156.2644,14425.87,314.1916,134.1407,12885.17,266.9885,75.09823,21541.8,660.3405,285.1514,545.9862,9340,13996,11388.38,10280,708.8281,139.4219,12332.01,656.876,202.3012,81.50191,151.6938,31.84789,13305.25,71.6033,211.8246
"107",108,"Factor #108",42.6226,34,183.4107,5425.043,3025,9417.668,8400,4799.646,5447.528,62.58333,187.4887,16247.21,359.7254,218.5763,9112.603,266.3583,87.80661,12374.47,695.827,309.856,572.8363,11689,9350,9550.504,9356.272,708.8281,145.433,7592.808,682.1406,202.5334,382.9308,169.6009,26.69744,10049.64,73.89212,211.8246
"108",113,"Factor #113",42.635,34,1772.21,1562.253,1986.978,2102.357,1388.159,1024.246,756.6633,1826.519,1504.962,1776.884,1758.465,1517.153,2409.35,1859,2263,1942.473,1579.997,1000.135,1765.755,1728.648,576.7041,1171.052,1297.511,906.485,1192.359,1115.113,1226.866,1304.639,1298.232,811.1444,961.0167,1205.245,677.5041,733.7063
"109",112,"Factor #112",42.6432,34,1996,2325.18,1998.826,2135.831,1462.428,1092.421,627.9618,1882.591,1691.281,3040.161,1927,2103.05,2526.556,1723.517,1751.256,2123.877,2207,1102.858,1534.845,1913.083,1289.264,1768.196,1691.373,1066.335,1142.375,1417.931,1240.868,1406.734,1338.474,515.5813,1393.428,1555.002,799.7874,734.7775
"110",111,"Factor #111",42.6669,34,1776.448,2580,2237,2089.553,1579.081,1006.991,947.9225,2032,1862.414,2632.801,1758.465,2103.05,1844.653,1708.636,1774,2398.296,2013.187,1392.275,1309.709,1855.505,1271.485,1813.116,1907.622,1242.998,1372.355,1553.113,1367.365,1636.889,1594,1137.73,1670,1589.061,1292.373,897.4103
"111",114,"Factor #114",42.6732,34,467.7491,1782,1666.521,2237.537,2223.778,1943.735,2463.126,1457.623,1839,2063.91,1604.919,1628,2627.003,1364.91,1866.43,2394.227,2175.906,2123.744,1913.891,2706.296,2239.814,2108.812,2159.043,1845.389,2000.133,2518.92,1841,2066.623,1709.921,1972.279,2117,2474.067,2093,2201.154
"112",115,"Factor #115",42.6772,34,169.9298,1473.069,1543.579,2209.982,2221.787,2230.783,2627.912,1457.623,1951.212,1917.704,1604.919,1856.247,2549.175,1297.581,1797.614,2297.549,2096,2030,1913.891,2573.77,2236.79,2177.429,2060.967,1845.389,2000.133,2628.541,2151.961,1684.9,1709.921,1830,2246.843,2678.494,2214.104,2107
"113",109,"Factor #109",42.684,34,237.153,3860.383,1885,3112.931,2152,3728.873,3543.808,1092.525,1455.608,5033.331,1035.588,901.6647,7593.574,818.6819,957.0285,10745.91,1572.602,1130.564,1423.987,9870,10697.85,5357.009,8740.289,1347.53,1149.375,7000.697,1357.618,1232.527,945.8015,470.2194,1628.313,10049.64,1623.658,1439.994
"114",144,"Factor #144",42.715,34,929.4401,1367.287,1426.832,1730.864,1622.117,2027.28,2165.212,1457.623,1328.753,1250.075,3480.332,1406.692,1585.068,3839.383,1224,1443.086,1761.81,1200.739,1722.435,1183.278,1942.036,1627.62,1800.562,1236.379,1863.834,1746.604,2021,1236.4,1575.938,1407.717,1543.381,1699.818,2126.76,1861.15
"115",106,"Factor #106",42.7166,34,540.7606,1856.789,2376.41,2749,2457.402,1330.443,2270.381,261.3981,429.3326,4428.564,2291.086,458.9479,3529,2957.564,448.5379,5028,424.965,465.1018,669.5241,4407.992,8457.553,4986,5339,1624.65,847.7902,3567,231.5746,412.3623,1124.12,136.8764,607.1617,4340,1636.627,530.5974
"116",133,"Factor #133",42.7301,34,1149.196,1494.706,2232.149,4583.256,2932.983,3002.806,2467,1586.981,909.8791,1826.511,5411.797,1517.743,2170.272,7429.374,1232.134,2119.743,1776.437,999.8474,1904.267,1703.611,1962.2,3112.889,3979.073,6239.555,1898,1919.172,2657.061,1115.904,1550,1265.745,1403.715,2924.217,2736,1423.577
"117",110,"Factor #110",42.7425,34,249.8248,2171.586,2213.613,2220.975,2386.469,2844.743,1039.797,130.8771,140.5422,3838.037,755.7247,210.4895,3529,1078.241,191.8126,8970.433,358.7182,139.9056,279.2845,3375.372,2706,3147.183,5759.405,819.1434,437.2209,5510.739,444.3238,199.7345,425.516,157.5799,210.2333,5552.749,655.9074,343.4044
"118",137,"Factor #137",42.7732,34,2726.371,287.4595,2888.926,5497.705,4846.257,3527.189,4847.559,3087.364,1460,2064.424,5833.863,1688.246,1975.77,7812.059,1439.579,2257.937,3362.454,1713,2267.194,1554.679,301.5696,5873.604,5748.019,6678.998,3279.817,1943.995,4155.081,1506,3182.243,2481.046,1710.663,2905.501,5598.131,2237.148
"119",130,"Factor #130",42.7885,34,3759.877,174.5806,4183.065,4951.741,5217.407,5145,4689,4034.934,1511.07,2064.424,6433.054,1924.078,3450.512,8233.583,1444.876,2678.804,4216.025,1763.738,2909.68,1654.386,593.847,4799.246,6686.788,6678.998,4315.103,2027.561,3978.314,1616.014,4668.806,2586.901,1721.692,5462,5897.579,2184.914
"120",123,"Factor #123",42.7916,34,3955.633,252.0019,2108,7701.443,4869,4298.746,4689,2112,1774.517,2459.253,5623,1469,2655.482,8846,1444.876,2813.009,4322,1832.619,2996.133,1817.62,319.7438,5874,6488,6617,3182,2129.581,4881.938,1671.458,4071.192,2950.797,1737.929,3727.654,7481.325,2137
"121",125,"Factor #125",42.8106,34,4255.654,80.18948,4820.653,7906.716,7202.092,3549.297,4840.817,4478.957,1919.014,2904.877,6708,1924.078,2211.923,9188.016,1444.876,3098.538,5156.446,1974.694,2996.133,2069.193,214.2347,5919,6686.788,6617,3641.437,2027.561,4933.01,1782.595,3464.695,3301.309,1768.891,2953.87,8054.025,2237.148
"122",118,"Factor #118",42.8276,34,4873.229,66.35281,4677,7870,7941,2520.083,4164.079,5253,1935,2872,6778,1844,2542.645,8913,1398,3247,5194,2110,3814.301,2028,173.8719,5919,6488,6617,3589,2138,4724,1758,4398.804,2383,1715,3682.204,8254,1731.919
"123",132,"Factor #132",42.8453,34,3336.663,43.88829,3106.542,4709.148,5054.862,7333,7202.09,3367.208,1256.294,3345.674,4454.315,1147.719,9003.173,4394.527,899.7117,5559.541,3705.59,1341.586,5381.985,1042.074,146.2425,2095.274,4334.833,3991.713,6780.937,1028.037,4521.616,1167.759,6191,2527.58,1122.242,11598.31,5292.306,1158.952
"124",121,"Factor #121",42.8693,34,4912,105.7431,4911,7915,7885,2676.263,5092.303,5423.191,1989.781,2876.009,4828,1895.932,2776.7,7429,1446.148,4247,3520,2163.954,3508,2098.316,99.26133,4427,6062.76,4435,4689.417,1919.148,4490,1812.817,5115.452,3818,1771.245,4650.056,8254,1686.021
"125",128,"Factor #128",42.8779,34,4952.508,923.5981,5049.492,5288.208,6371,3079.572,4835.203,4778.688,1422,3345.674,5194.624,1834.626,2504.107,6614.506,1242,4130.801,4815.496,1916,3982.66,2061.109,584.327,4981.137,4926.685,5669.759,4462.248,1739.236,4648.124,1758,4588.05,3871,1771.245,3421.21,8174,1958.003
"126",141,"Factor #141",42.8826,34,4912,339.2032,4097.417,5070,6351.766,2157.045,3652.442,4578.433,1820.08,3019.326,5042.733,1562.562,2435.386,6285.007,1427.822,3193.246,4598.684,2163.954,3094.006,2040.848,375.489,4383.64,5066.209,4001.971,3241.881,1798.718,4364.169,1812.817,3264.721,3977.495,1571,2853.786,7525.942,1675.495
"127",129,"Factor #129",42.9037,34,964.9665,1939,2192.624,2268.381,2269.342,2670.442,2854.097,2446.493,1066.932,2522.166,2618.493,969.5424,3753.23,2059.074,746.3541,3224.424,2812.482,1554,2398.334,2213,2505,2305.347,2950.861,1477.967,3004.285,3064,2513.519,1972,1246.738,2539.5,1374.497,3646.533,3209.882,1507.072
"128",122,"Factor #122",42.9715,34,5277,75.31802,3813,3202.391,3754.769,19260.39,13496.24,8289.172,809.816,12617,2682.599,985.6071,32416.27,3255.408,738.5189,8340,4397,849.466,7250,1363.698,204.4388,1793.862,2018.393,2041.813,13879,1736.896,8819.849,1000.778,9826,1951.972,1350.158,15355,3867.24,1495.501
"129",140,"Factor #140",42.9724,34,4469.733,250.4346,2074.004,3252,3676.979,15394.74,10517.86,3974.48,923.0232,4954.137,2495,909.6126,24610.78,3897.421,805.2487,8372.356,2291.61,1298.332,6182.602,1095.725,193.0701,2482.246,2874.174,3255.127,17165.2,1746.769,5674.259,966.9415,13408.38,2931.254,1398.059,17315.2,3298.576,1109.294
"130",145,"Factor #145",43.0654,34,13706.51,449.0837,16954.46,4496.447,2056.593,22461.49,14521.82,16171.04,1730.718,23562.47,4440.609,1710.002,49137.17,4548.44,1677.46,33977.48,15966.67,2084.566,25414.42,2807.365,458.9968,1660.254,1635.557,1299.342,25983.1,2882.509,14194.84,1986.522,23305.71,3113.312,2040,22620.87,3620.77,1954
"131",136,"Factor #136",43.0687,34,14754.98,425.6642,16577.62,4426.485,2011.021,21839,14307,9425,1859.323,24786.39,4335.241,2291.457,54673.61,5303.094,1677.46,33357.54,15966.67,2018.82,25459.34,2711.403,364.5861,1713.836,1723.85,1269.677,26138.61,2917.246,14114.89,2087.277,24012.8,3037.17,2411.288,34346.46,3471.343,2343.869
"132",138,"Factor #138",43.0788,34,8857.447,3124,11609.68,4607,2864.904,14436.85,9994.655,17416.81,1485.018,15706.97,9057,1475.915,33727.04,6159.319,1462.217,21180.97,16087,1460.879,19568.89,1753.981,627.2961,1660.254,3233.392,1108.656,19832.79,2677.395,14234.71,1816.051,15242.84,7213,1495.773,20967.86,8191.641,1548.74
"133",146,"Factor #146",43.0815,34,18099.23,2209.488,17792.59,4847.526,2473.533,22515.81,15032.15,19311.64,2100.109,25305.29,6891.919,2329.44,54673.61,5765,1903.489,34372.63,17213.62,2142.039,26345.65,2896.832,573.3975,1761,2544.496,1308.093,26138.61,2822.766,14359.68,2209.694,24596.91,6052.309,2278.919,33867.07,6771.427,2069.621
"134",142,"Factor #142",43.0835,34,18716.67,1037.78,18113.31,5018.743,2510.646,22515.81,14871.89,20315.57,2021.42,23562.47,6054.061,2466.129,54673.61,5650.496,1903.489,33977.48,17858.05,2482,26345.65,2896.832,497.4645,1611.579,1858.979,1308.093,25983.1,2917.246,15387.73,2063,23305.71,4295.469,2361.679,33867.07,5072.575,2079
"135",143,"Factor #143",43.09,34,18716.67,613.5987,17263.08,5133.151,2221.169,21448.64,14763.03,18389.98,2194,26431.27,4686.753,2493,54149.37,5152.044,1840.402,34372.63,16869.21,2213.193,27112.16,2896.832,423.6285,1886.342,1792.459,1308.093,26138.61,2773.641,14234.71,2546.168,23305.71,3286.893,2411.288,33867.07,3520.715,1845.665
"136",139,"Factor #139",43.0959,34,14258.86,626.9575,15388.21,4847.526,2233,22252.04,14763.03,18389.98,1939.029,24129.04,4533.265,2350.279,54809.75,5600.498,1887.146,32515.65,13821.68,2213.193,25414.42,2896.832,507.4765,1884,1760.535,1196.053,25840.01,2773.641,14194.84,2559,20067.82,3362.059,2432.224,33022.9,3561.115,2593.882
"137",124,"Factor #124",43.0981,34,18716.67,508.6352,19269.73,5133.151,2108.874,21839,14308,19951,2481,25943.81,4491.823,2027,53080.61,5650.496,1917.501,34522.76,19881.05,2584.55,29597.33,2873,416.2498,1924.303,1740.484,1266.031,27805.43,3120,13440,2559,25081.43,3415.357,2382,34723.85,3359.464,2720.903
"138",131,"Factor #131",43.1024,34,13706.51,414.323,18591.25,5133.151,2233,22404.88,14763.03,20077.15,2516.073,23562.47,4443.73,2493,53398.59,5600.498,2074.868,35094.34,17213.62,2584.55,28434.38,3539.613,474.0285,1924.303,1560.012,1196.053,27075.59,3030,14577.84,2392,23912.13,3286.893,2588.526,33538.73,3561.115,2429
"139",120,"Factor #120",43.1107,34,20553.05,490.0876,18705,5091.3,2221.169,23022.06,14870.31,19951,2475.485,30896.35,4630.712,2546.358,53107,5650.496,2021,40796.22,18608.25,2768,28274,2962,467.5906,1924.303,1685.974,1234.894,26568,3086,14550,2607.092,25873.7,3109,2645,32583,3493.538,2441
"140",147,"Factor #147",43.1119,34,12661.51,657.1048,17544.18,3969.87,2206,22374.17,7236.929,19311.64,2543.822,25642.36,3604.72,2534.088,53080.61,5151.151,1861.439,34372.63,16869.21,2142.039,29300.14,2944.582,464.4925,1980,1875.024,1412,27075.59,2559.537,14359.68,2264.952,25456.57,2667.187,2543.748,33022.9,3520.715,2476.502
"141",134,"Factor #134",43.1124,34,20673.55,713.2605,19157.68,5133.151,2214,12298.01,6820.063,20315.57,2229.092,23185.88,4577.611,2527.611,54502,5600.498,1917.501,34279.23,20165.25,2584.55,27799.54,2948.364,332.258,1886.342,1715.014,1317.994,26712.03,3105.089,14631,2382,23562.07,3379.214,2475,32258.26,3561.115,2593.882
"142",119,"Factor #119",43.1213,34,20072,683.0967,18705,5091.3,2221.169,20976,14668.91,19951,2543,29950,4340.122,2390,53107,5650.496,2183,39371,20204.46,2803,28875,3457,463.4163,1924.303,1694.63,1213.714,26568,2948,14550,2607.092,23944,3238,2645,33080,3494,2679
"143",117,"Factor #117",43.125,34,19244,683.0967,18705,4965,2221.169,21560,14582.86,19951,2541,29823,4456.124,2493,54809.75,5539,2196,39371,19539,2803,28875,3479,466.7866,1924.303,1714.363,1196.053,26568,3124,14382,2248,24355,3293,2645,33080,3096.453,2554
"144",127,"Factor #127",43.1968,34,17971,741.7352,19312.44,4668.496,2198.998,19144.36,12681.49,18912,2510,30721.01,2903,2412.411,50373.2,4176.992,2034.842,40410.33,18449.25,2657.463,29005.83,2846,459.8209,1492.648,1191.908,1332.693,25335,1882.709,14996.01,2254.742,25456.57,3070,2391.383,30496.62,3285.031,1867.049
"145",148,"Factor #148",43.3068,34,6073.938,2917,5336.206,4474.185,4250.991,5251.452,4766.439,5015.262,1236.552,13453.38,3000.995,1636.136,8221.145,4228.075,1326.94,13165.77,5363.751,1330.899,6405.315,12359.11,13293.95,8162,11716.44,1413.755,5975.459,11869.82,4541.445,879.6582,4506.263,2547.404,1868.631,14555.64,2888,1308.189
"146",126,"Factor #126",43.3131,34,14405,8725.477,8525.727,15340.98,14500.88,11705.44,10681.92,6101,3450.471,18816.12,4950.836,2970.892,24159.98,5508.585,6519.554,19649.71,7322,4229.192,11219.53,24891.68,22341.83,25069.5,25890.3,8226.584,9332,27374.55,5476,4751,10067.25,2282.742,2855.002,20743.89,5031.869,3905.745
"147",135,"Factor #135",43.3143,34,4863.73,10103.21,12629.28,16637.09,13225.28,12643.32,13420.21,6440.131,3554.069,22262.72,4422.337,3927.065,27445.21,5376,7638.416,25715.26,7919.614,3980.793,6755.056,23773.18,18913.54,20470.75,22840.46,9707.672,7833.532,23132.26,5732.169,5838.566,6897.216,2237.934,2583,27759.27,5523.203,3010.321
"148",149,"Factor #149",43.3165,34,11037.27,10272.81,9728.2,12900.08,11684.71,9618.551,8875.306,5990.04,3214.762,18942,2363.74,2818.451,18537,4786.49,3403.4,20019.86,6387.617,2905.729,8799.33,21026.83,20215.66,20041.93,19856.62,6626.437,8344.978,23723.75,6412.174,5527.98,8456.459,2083.568,1854.648,15096.8,4333.72,3280.501
"149",150,"Factor #150",43.3279,34,9936.766,1545.383,6167.624,3413.765,2419.643,4571.17,5070.377,5775,1531.582,12353.31,1732.818,1411.901,7600.109,2071.112,1594.119,13068.01,7426.365,2017.341,11219.53,4185.386,2804.148,3188.124,3349.784,1219.368,9964.765,4254.513,4494.997,1945.023,8904.127,1828,1497.189,13023,1797.284,1220.816
"150",116,"Factor #116",43.3285,34,3334.817,13271,14590,17573,15859,13458,15636,5381.368,4008,31250,5462,3829,33818,6692.704,7652,30802,7130.356,4866,3725.67,30474.25,27219,30432,32121,9635,5646.3,33839,5980.476,8643,4141.332,2212,3018.452,34966,6265,5084
"151",151,"Factor #151",43.4268,34,582.0433,571.9122,274.4329,75.71865,134.2841,291.3521,129.717,165.8154,35.73138,152.2299,243.9948,352.4018,190.4839,571.102,866.1006,212.0372,109.8683,1751,140.3157,77.58464,290.2764,406.6891,312.1155,1427,161.9494,71.85692,217.9966,1066.701,228.431,80.15171,88.0752,274.4039,57.08016,1088.265
"152",152,"Factor #152",43.4849,34,456.7672,7710.342,7381,8111.749,8306.505,7405.051,7648.156,37635,278.7827,2497.845,38949,314.9182,2162.708,27314,423.854,2164.323,45088,614.4524,40481,1308.948,2969.172,1027.833,4164.111,175.0069,45332,3427.558,53973,770.1049,351.2522,36342,369.8433,2518.703,37040,666.421
"153",154,"Factor #154",43.4903,34,225.0501,4355.703,4233.858,4107.184,4467.27,3740.718,4018.207,2725.638,66.77884,10104,8130.068,64.26119,12244,5314.451,56.85394,9668,5552.893,60.04002,7128.164,9663,7131,9116,7107,55.88846,8269.534,10550,11198.67,144.9848,354.3857,6899.774,123.8947,11398,6253.713,71.29177
"154",153,"Factor #153",43.4913,34,438.5032,6517,7872.911,7363,7085,6684,7116,38095.27,247.9915,6962.083,38949.22,106.9192,8259.437,28258.56,113.6945,6577.317,43664.48,179.0865,41627.58,6441.524,5560.587,6068.205,6091.275,143.5064,45189.08,7405.426,53973.5,595.9506,323.6772,36337.56,200.9326,7836.162,33647.29,349.1836
"155",155,"Factor #155",43.5374,34,1888.152,1320.681,1337.4,791.044,1023.659,796.6433,929.6883,1447.78,1334.156,1546.801,1135.872,1868,1417.999,604.8427,1318.238,437.7283,785.4015,644.3225,1270.573,489.2525,373.8203,644.8062,522.5972,908.4001,915.3766,881.738,649.1705,968.2036,997.8227,764.6515,556.8009,1004.85,497.2784,1227
"156",156,"Factor #156",43.5415,34,1888.152,1467,2053,791.044,1023.659,768.775,920.9205,1499.852,1972,1551.756,1140.469,1697.863,2218.098,582.4915,1318.238,846.61,907.8797,644.3225,1244.767,515.8417,348.4558,648.168,628.8284,908.4001,903.4516,962.4252,703.4216,968.2036,957.3197,764.6515,556.3459,1071.132,497.2784,1125.613
"157",158,"Factor #158",43.6125,34,997.1672,353.1617,1463.746,370.7516,336.9904,2142,866.7932,1113.662,905.0035,2080.713,526.2724,1152.816,921.8776,330.9159,616.8989,3534.481,1043.63,823.8233,1957.203,772.6082,265.7723,328.6075,1173.909,591.073,2380,800.8673,1272.204,638.1879,2515.826,1574.484,556.8009,950.6563,361.3202,1015.761
"158",157,"Factor #157",43.6356,34,1382,595.4783,1475.916,666.6193,597.2372,1604.715,526.7879,1171,900.3917,2375.867,588.817,1139.711,1110.811,330.9159,672.3789,3367,1295.036,799.6744,1867.304,630.6427,1043.916,555.5826,2107.096,453.9382,2390.854,1030.505,1257.133,703.5882,3027,1619,586.2072,1505.768,356.9033,646.7943
"159",166,"Factor #166",43.6669,34,788.9504,1305.637,1033.504,701.3693,1807.016,2213,1477.493,1375.007,2202.996,1583.067,326.14,2390.776,761.6255,251.8553,4547.618,2349.996,1698,2737.599,1118.463,402.1815,4236.183,919.251,5675.169,6773.391,4726,925.1985,1204.483,2817.449,1350.867,920.5084,480.4515,2596.435,330.7927,4165.74
"160",163,"Factor #163",43.6685,34,738.3173,1917,3624.968,2219.933,2724.932,2312.235,2822.136,937.9366,1891.778,4350,612.5736,1428.958,3199.51,406.3402,1297.942,3027,883.9089,2658.437,995.2878,3838.514,3268.779,2593,4652.3,2978.571,1199.602,3416.511,1372,1732.034,1095.504,864.5044,3952.827,3893.616,744.8742,2976.081
"161",161,"Factor #161",43.6921,34,218.1106,3584,3735,3860,3640,4268,3944,845.1955,2361.907,5054.373,852.0014,3819.104,5892,637.5623,1910.038,5220.548,1112.963,2719.187,865.4363,5402,4827,4716,4871.517,3125.083,1464.901,5468,1116.492,1890.903,1112.869,851.0022,4823,5601,1091.869,3235.71
"162",168,"Factor #168",43.6932,34,157.7489,965.3897,885.1664,1139.244,1133.512,1268.638,1080.177,198.6668,777.5613,1304.952,268.2823,389.2693,937.3211,161.5593,726.398,1870.708,386.7471,804.3897,259.5279,1622.649,3772.466,2519,2481.416,1167.758,848.317,2934,376.2253,626.0616,317.568,198.8546,1176.276,976.719,313.4314,1116.748
"163",162,"Factor #162",43.7149,34,1890.953,1952.733,1985.482,2093.628,2167.856,4831.927,2305.534,1752.224,3564.627,977.6059,339.911,5958,3321.208,273.247,4761,2991.018,2927.954,3917,1221.321,2981.322,10550,2271.487,6551,9634,5372.344,2173.224,2153.931,6762.89,2440.32,201.2876,2411.23,2334.389,196.748,6284.601
"164",165,"Factor #165",43.84,34,9487.181,10556.24,268.7023,871.3754,5055.638,7295,914.2888,17296.92,17044.69,1388,396.3035,41477.65,3516.608,684.2445,35837.99,7681.66,26948.2,22810.78,4996.399,701.5813,28455.03,1386.09,47247.76,48467.96,45853.79,2518.766,23244.53,27009.58,5551.977,1063.883,358.6464,4220,384.3592,39235.3
"165",164,"Factor #164",43.8407,34,2666.348,11392.47,1341.57,755.9935,5506.965,7510.325,904.7454,18180.2,16996.42,4019.925,422.9896,51761.16,3545.139,653.4611,42299.7,8137.777,30544.07,25207.76,5309.18,702.8153,11670.77,1654,35946.78,60777.72,41084.53,2390,21930.73,31652.27,3111.271,1194.19,287.1314,4220,373.1939,41266.92
"166",167,"Factor #167",43.8688,34,26991.9,21115.14,450.1764,1017.273,5670,6918.312,891.5872,22427.51,25311.97,3915.068,427.7434,39183.37,3435.875,694.9699,64234.07,8059.175,36440.94,21578.89,6006.322,706.2144,31888.91,1302.317,50797.61,79815.68,47411.2,2564.569,26279.69,39571.61,5089.838,1369,455.8315,4135.474,295.4677,41306.98
"167",159,"Factor #159",43.9171,34,34461.68,35001,535.8688,1017.273,5629,6918.312,374.8134,37049.57,39811.54,5783,488.2766,79417.35,3462,694.9699,81234.83,9290,64084.75,40480.98,6286,706.2144,61752.8,1182.936,72306,87724.67,68398.02,2564.569,55434.82,40014,5411,1296.077,455.8315,4027.033,331.4782,85292.8
"168",160,"Factor #160",43.9649,34,46740.78,42173.19,422.7885,932.0808,5491.838,4049.047,1.482457e-10,42147.35,42393.99,5310.319,396.3713,90044.57,3370.761,495.7099,102019.2,9070.803,80069.85,41789,6279.978,530.2542,71745.87,1174.81,81785.33,86109,66756,1011.224,74963.28,41330.17,5073.778,1065.638,361.5668,2943.908,130.7709,91770.73
